"id","create_time","short_review","stars","user_id","user_name","vote_count"
396,2019-03-28,很久没有在电影里看到如此自由写意的爱情了。它只有三个人的状态，却被刻画地如此真挚而充满内在活力。看此片才意识到染谷将太的魅力所在：看上去其貌不扬，但出现在镜头前只需一个自始至终的神秘莫测微笑表情就可以应对一切细微的情绪变化并衍生出一个恒久的气场。我更想到这样的电影在制作前期是无法在一份申请电影艺术基金会资金支持的表格中或者在说服投资人的夸夸其谈中表述完整的，它没有出奇花俏的形式，不具备争议性话题，不涉及政治性别议题，更缺乏对时事新闻热点的嗅觉追踪，仅靠三个年轻人简洁细腻无需言语的互相体验之情构成影片的主体。它只存在于导演的头脑之中，在银幕上完成了最终表达。得感谢北海道函馆的艺术电影院出资拍摄了这片。环顾今天的世界电影，恐怕也只有日本才能产出这样丝毫不具功利之心的电影作品。,5,huhu1999,九只苍蝇撞墙,271
394,2019-01-17,虽然说电影一直在讲述一个颇有新浪潮感觉的三角爱情故事，但直到结尾部分，所有角色都从酒馆里出来，甚至还要进行下一场的时候，观众才终于得以确定，三宅唱想拍的是更像是一种十分难以名状的社会情绪，谎言在暗中蛰伏，交流被强行阻断，激情只能在颓废混沌和漫不经心的生活状态之下涌动。它让我们总在期待发生一点什么；但真的快要达到期待时，一切却又戛然而止了。,4,"4655509",圆首的秘书,244
395,2019-01-14,这么小的透明伞还是足够我们避雨，那么窄的上下铺仍能容纳我们缠绵。我以为这个夏天一直不会结束，直到冰箱柜门小心关上，不再渗出冷气。直到开业花篮尽数枯萎，不再飘出香味。直到远离了我们三个人的房间，直到你通知我结束这段感情。原来三个人躲不进一把伞，挤不下一张床，穿成爱斯基摩还是会伤心。,3,xilouchen,西楼尘,237
435,2019-01-13,恋爱是毫无意义的谎言，过往只是时间的重复，而你爱上的我或许只是幻影。下雨的声音，电车的声音，门铃的声音，刷牙的声音，乒乓球的声音，塑料袋的声音，口竖琴的声音，收音机的声音，台球碰撞的声音，鸟鸣声，听不见的风声，pub和KTV里的音乐，如电流一般穿过身体，路灯亮起又熄灭，每个通宵达旦的夜晚与清晨，被自然与生活的杂音映衬的每一刻，无形之中定义了我们的存在，也融解了某个夏天最初的120秒与最终的15秒。,4,yanluohan,颜落寒,180
375,2019-02-13,观感十分舒服。虽然拍摄并没有多高级但是剧本非常好，演员表演都很细腻，情绪的传达也很到位。它说的是一种生活状态，一段感情共鸣，是每个你想放手却又想挽留的瞬间，每个你心潮澎湃却说不出爱的日夜。,4,vividtime,LORENZO 洛伦佐,144
401,2019-01-13,佐知子唱歌的时候 静雄看她的眼神 值得4星 ,4,T.V.Zoe,T.V.Zoe ி,108
399,2019-01-13,三人行的套路剧情非重点，倒是散落期间的迷茫与虚空，弥漫的失落，人际关系网震荡的涟漪，都大有意味，因越来越有韵味的石桥静河出演，与「夜空最大密度蓝」表层上接近。这段从一开始就被归类为“不要复杂化”的情感，无可避免地滑向不受控制的漩涡。,3,flowermumu,欢乐分裂,71
349,2019-04-07,北影节第一场，非常棒的观影体验，这个剧本看不出多少剧作的痕迹，应该非常难写吧，自始至终都是日本年轻人的生活状态，导演太厉害了，把三个人物塑造的非常可爱，精准的捕捉到了三人之间微妙的两性关系。他们可能很穷，什么都那样，但是可以爱上喜欢的人，洒脱不抓马，随性的挥霍青春，他们这样的状态太让人羡慕了，这可能就是青春吧！,4,zhangzongqian,亵渎电影,61
371,2019-02-15,便利店那场戏真迷人,4,cabaret,陀螺凡达可,56
324,2019-05-11,人身处青春岁月，心境若纯然自由流淌，不觉会有一种不知如何是好、不知今夕何夕的出离状态。喜气的阳光普照在肉身之上，于是只能挥霍。挥霍过后便是成长。整部电影要表达的就是这明媚、如梦、可贵的奢侈人生状态，也是一种理想主义。,4,"2049622",LOOK,56
437,2019-04-14,久违得被爱情电影完全打动，非常窄的角度，非常厚的细节，每场戏都很扎实，人物也那么饱满，很鲜活很当下。而且最难的是这种塑造不是劳师动众的交代，而是润物细无声地汇流在一起。没时间看影后对谈了，但是不碍事。“不动声色的精准”就是这部片的好。,4,HIDETOKAZU,海带岛,26
407,2019-03-20,所谓的戏剧法则一个都对不上，但就是好看。单是三人打伞，酒吧听歌，女主最后那个镜头，就值得把这个导演列入关注名单。@HKIFF,4,iisakura,萨库拉,23
361,2019-04-08,相比《夜以继日》抛弃常规逻辑钻研爱情和视线，《鸟儿》的当代性在于随意又细致地捕捉日本年轻世代的状态——从《祖与占》出发，走向无限风景。所谓“我不喜欢复杂关系”，其实是拒绝爱情的承诺，但不否认它的可能。而影像的自由指的是，留出空间给无边无际的生活。我越来越希望接近那样的自由，接近那样的生活，在世俗中找到自己的容身之所。虽然没有什么共情可言，但还是能看出这是一部出色的小电影。#BJIFF9#,4,yellowmoonbird,晚不安,18
303,2019-05-27,真.函馆祖与占。青春美好而又无聊，青春里的时间流经得特别缓慢，于是才能漫无目的、漫不经心地游荡在城市的夜晚与凌晨，游荡在两个男孩之间。最伤心的时候还能笑出来的人啊，好美。这样的两个男生，没有办法不同时爱上。因为爱，从来没有办法做选择题。,4,rakumm,匡匡,16
357,2019-05-11,日本新电影将从《鸟会歌》开始？,4,babulliu,把噗,16
393,2019-01-18,#Berlinale2019# 温柔，幽默。不时出现的越轴单人镜头创造了情感的重音，导演是个好DJ。石桥静河在《最大密度的蓝》中被池松壮亮淹没了，在这却光芒四射。平额头不是很像让娜·莫罗吗？,4,kidneytopo,Ou,16
400,2019-01-13,D / 拖沓臃肿冗长又故作轻盈，考虑日后远离名字又长又好听的日本新片了......,3,"93124222",寒枝雀静,16
410,2019-01-13,“就这样混日子有什么不好吗”——简直是对当代年轻人的灵魂拷问。感觉这部片子改名叫「夜以继日」也毫不违和，两部影片对照起来，观感竟有那么一点迷之相似。石桥静河真让人舒服，三个人的感情在所有细碎的时间里来回流动，生活不可描摹不可触碰不可掌控的感觉被影像化，真是一种奇妙的体验。两次倒数很妙。/ 日本新片展 @大光明,4,yystilllife,sTill-Life,14
360,2019-03-22,他們如情侶一樣熟習了對方的所有習慣，朋友間的甜密，家人般的默契關心，人生只不過想尋點開心，生活沒有讓人好過，高樓鋼索上行走差一步都可以壓垮，其實沒有快樂不快樂，胡胡混混地過日子，有一天沒有一天，沒有金錢依然可跳舞，吃好，和最好的朋友在家中花天酒地，無望的將來，只有當下。如果日子真的無所謂啦(要用廣東話讀，因為多數將這句話掛在口邊的人其實都執著，只是無力的歎息)，「我」不會痴痴等那120秒，雪櫃門不再自固地讓它關起來，兩人離開的日子不會只覺無聊，也不會。三宅唱說英文戲名中，Can 是最想在電影中表達，不勵志但也不是反青春電影，只是回到電影所能做的事，也令我們相信未來。,5,"1325646",何阿嵐,14
351,2019-04-06,数度惆怅欲哭，我奇妙地分别游走于三个人的立场之间，人物关系的形式感也被一再削弱，只剩下同样游走不定的、难以捉摸的情绪，恐怕只有日本电影能拍出真正的当代（东亚）年轻人，难以想象，将整部电影原封不动照搬到发生在其他国家会是一场怎样矫揉造作的灾难。#BJIFF2019#,4,spiky1920,alain.proust,13
439,2019-04-07,不要相信爱情，但是享受它,4,kokurituhayashi,hys,13
418,2019-05-10,"90/100，充分阐释了状态与情绪的必要性，并完美的展示出来。绝对的现代而非社会，终极的自由而非混乱。微妙的关系构建，角色间是无爱意的，一切用状态承载。无可消解的虚幻，精准的描摹。我被彻底击穿，太美妙了。",5,dekadeyang,德卡的羊,12
397,2019-01-13,这算不算也是一种“低欲望”社会的形态，上一辈人看不惯的“吊儿郎当”，无欲无求，安于庸常日子，没有大抱负，安心在书店工作，对于结婚或者至少是一份比较亲密的关系持疏离态度，更愿意选择开放的情感状态，面对生活这样的状态也没什么不好的，可是作为电影未免太散淡了，你可以叙事上的散，但若缺乏电影情绪上的凝聚，要如何对应开头所说的这个绵长仿佛永恒的夏天,3,"1815039",岩井俊七,12
440,2018-09-27,三宅唱太会抓细微的感情流动了，以静制动，薄积厚发，全片细节堆积到最后的情感炸裂。可以横向对比同样改编佐藤泰志的山下敦宏，基本上区别就很明显了。石桥静河拍到现在几乎所有角色都完美无瑕，这姑娘上限太高。这一分这次是扣在染谷身上（我一直都喜欢他，但是）他的个人气场太强了，导致拍什么都是他自己，这也很影响进入角色不是吗。,5,citywork,Methy,11
312,2019-05-14,在日本这样一个“性压抑”严重的国家，民众的群体症状在一定程度上影响了本土电影的题材与表达。近年来，纯爱电影如浪潮般袭来，很久没有在日本电影中看到过如此“有欲”的镜头了，不过也并不像供需两旺的色情影像制品那样能够有效缓解这种症状，影片在情欲的背后表现出了更深层次的压抑情绪，三人无意识的行为与游戏式的生活似乎指向了一部分日本青年的生活现状，而当三人之间微妙的平衡被打破时，并没有发生如我们所预计的那种重大变故（哪怕是弑母这样的行为也被暗暗略过），主角们只是进一步压抑自己的情绪，静默地改变生活的步调。,3,kangbaohong,康报虹,11
304,2019-05-26,《夜空总有最大密度的蓝》之三人行版。轻快与冗长共存。/2019.11.16影院二刷。被这部电影人物如空气般的状态震惊，又轻又空又浑厚，自由，流动，包裹住了我。,4,ruo1996,徐若风,11
306,2019-05-24,好像没讲什么事，但又好像讲尽了他们生活的全部，一个女人在三个男人之间的兜兜转转，在函馆的夜色中，这段感情就像是北海道短暂的夏天，来去匆匆却又永不结束，如同生活，吃吃喝喝多好，但无力感却如影随形，领取救济金生活，和家庭保持着疏远，唯有金钱与死亡才能联系起来，随心所欲地旷工和迟到，行尸走肉般的工作、喝酒，废材的日子悠闲得无聊，唯有那突然击中麻木心弦的爱情，为了这份感情，勇敢去争取，即使这种争取看似懦弱地可笑，生活本身就是电影，而电影本身也就是生活呀,4,guo_xu,幽灵不会哭,9
382,2019-02-12,濱口龍介之外的另一位本土卡薩維茨，更為優秀or更為迷失？美國電影與法國電影的執行悖論。,4,ILWTFT,文森特九六,9
413,2019-04-06,石桥静河我可以！如果说《夜以继日》营造了一个卡索维茨式的漩涡，那么《你的鸟儿会唱歌》便让人在加瑞尔式的缠绵中不愿抽离。不同于一般三角关系的视点游移，本片让摄影机完全接管“我”的心理波动，即便他们贫穷与迷茫，但不输出任何致人焦虑/紧迫的观点，不追问过去与将来，而是让青春在这美妙的当下无限延宕。,4,"47227767",青年路小魁,9
438,2018-09-23,@ 渋谷ユーロスペース 改编太重手了，不光大大减少了「僕」和静雄的对手戏（不看原作不会有人知道为什么叫这个标题…），后半更直接转为了言情基调，也许这样更容易让原本松松垮垮的故事更有逻辑性吧，而这松垮也是原作的魅力之一啊。然而将七十年代末的东京场景搬到现代的函馆是成功的，三宅唱凝视黄昏一般的镜头语言也非常喜欢，更不必提这三位主演，不可能找到比这三人更合适的演绎了，前半部分十足惊艳，看半部也回本了。/ TIFF31二刷，抛开原作的印象后觉得这爱情的表现也是美极了,5,willingnotto,Rhodesia,9
416,2019-01-13,日式青春片的另一个面向，类似跨越栅栏、天空中最大密度的蓝色，丧气乏力无能气息微弱低自尊低欲望，三人行的生活真是闪闪发亮，每个人的笑容都源自内心，爱情心理很细腻。三个演员都好爱，别选了，三个人在一起吧。,4,noahsart,嘚嘚嘚嘚嘚,9
295,2019-06-29,原作佐藤泰志另一部小说的改编电影名叫&lt;海炭市叙景&gt;，而同样以函馆为舞台的本片让我感兴趣的恰恰是“叙景”的不在。没有拉远推近的空镜头，没有焦距于物的转场镜头……只有人、人和人一刻不停地出现在每个移动的固定的镜头中，也以人与人的维系撑开了函馆之景。正如一场代表性的戏：“僕”和佐知子在书店隔着一段距离偷偷用手机聊天，手机除开最开始的问候外被完全地消隐，我们关注到的，是两人各自盯着或者说仿佛穿过了手机直接看到了对方的视线与神情。电影以同一个也是唯一一个函馆的整体镜头恰时地出现在一头一尾，收容了这些“人（的状态）”无边际的叠架与萦绕。在最后，石桥静河那绽放了角色与观众无数困惑的复杂神情，又将收拢了的发散性朝向百味杂陈的回味所延伸。,4,"3114482",ample,7
289,2019-07-08,幸運卻不令人代入的男人、倒楣卻不令人同情的老人、主動卻不令人掌握的女人、奢持卻不令人羨慕的青春。,2,"80722428",焚紙樓,7
426,2019-05-11,静雄有没有杀死他母亲？,3,hansean,Derridager,7
264,2020-01-09,十分恬淡而轻盈的青春影像，剧作上是典型的小情节（极简主义）模式。这段“三人行”故事中几无戏剧冲突与动作锁链，人物也均为被动主人公。影片精准地描摹出青春年华的肆意挥霍、百无聊赖的浪游状态、暧昧而欣悦的情感之旅。许多日常细节都令人忍俊不禁、心旷神怡：手机屏幕保护膜上的裂纹、凌乱难解的耳机线、雨夜中的撑伞打闹、比试发怪声时的窘然一笑……还有玩乒乓、打台球、扔飞镖与KTV唱跳的欢乐时光。最终慢一拍的反悔式告白与开放式收尾也颇有余味。（8.0/10）,4,Nokia95,冰红深蓝,6
330,2019-05-10,摄影机的舞蹈，对话戏时的细微迟滞感，跟随人物时的略带醉意的摇晃，精准地捕捉到三人关系背后的情绪流动。而情感的场域又是如此简洁轻盈没有一丝赘余，但每一次插科打诨却又像涟漪一样引发丰富的牵连和回响。当代普通青年的精神速写，石桥静河在里面闪闪发光。,5,"64882717",卡佛啪啪卡夫卡,6
327,2019-05-11,喜欢前面50分钟和最后一场戏，情绪到位，人物的小婊情非常生动，抓人眼球，人物关系有种暧昧的朦胧感。然而后半段太散了，以至于抓不到重点，自己的情绪也跟着散了，融入不进去了...最后看完，唯有影片中夏天的感觉残存在我身上，口干舌燥，想赶紧干了一大杯加冰块的啤酒。,3,kejinlong,有心打扰,6
319,2019-05-12,情绪状态的展现不要太刻意，到后面根本就散乱一盘，还被认为浪漫动人？一小部分的标新，和绝大地方的套路平庸，还没开始就够了。ps：染谷将太的表演让这部电影多了一分灵异感。,2,"121933130",郝小勺,5
356,2019-03-29,說是「僕」，更是「妳」。妳釦胸罩的方式、妳穿衣服的樣子。開頭的字卡：一切從上一刻殘響至這一刻的流動。flow開始。《Carol》的flow的斷然，這部電影的漂浮；《卡比莉亞之夜》的微笑，妳120秒後的神情；愛情至此都不在是前者那樣，愛情毋需神話。我真想念，有時候妳不穿胸罩、反著穿衣服的樣子。記錯了，可能是另一個「妳」。從《危險關係》到《夏日之戀》，從煙火點燃命運的視野到，つぎの夜へ下一個夜色藍染了我們步履不停...... 一種實驗、一種賭注、一種期限。冷中的熱，冰櫃的光，妳說熱時潮濕的臉。（打完發覺難怪我會被認為是男的...）,5,lotusT,Wallys,5
287,2019-07-12,"6/10。片名“唱歌”指发声的欲求，暗示“我”的无欲无求，全片始终没有出现主人公的名字，“我”就如空气一般存在于朋友、恋人的关系中，一开始就没有打算独占佐知子，甚至把她推出既定的社交空间，譬如二人走在街道上被蓝色的月光照耀，那光辉宛如佐知子向外界自然散发的魅力，卡拉OK中微醉独舞的佐知子用魅力带动周围，而“我”被佐知子问及二人的关系以及询问“我”是否介意静雄和佐知子约会，“我”不确定的眼神和随意的回答显得无欲无求。其实静雄与佐知子初次见面时“我”就是空气的存在，吃番茄的佐知子向静雄打招呼后“我”就被排挤出画框，整场见面戏都没有“我”的反应镜头，直到“我”和静雄一起打台球让佐知子旁观，“我”才介入两人的关系，结尾两分钟“我”终于有了发声的欲求：伴随“我”心中默数，镜头推进又拉远，想控制爱又无力把握。",3,"70990506",火娃,5
323,2019-05-12,大城市，浪荡儿，感情像垃圾随便乱丢，喝酒打屁没有新意。我们是朋友还是分摊房租的搭档？我们是爱人还是配合做爱的伙伴？饥不择食，食不知味，你的鸟儿会唱歌？对啊，刚买的，黄色尖叫鸡。,4,pulporange,PulpOrange,4
417,2019-03-31,@Hkiff 視線的調度，拒絕常規的正反打，每每從畫面中心的人物的表情變化和視線轉移，讓畫外的觀眾觀察他的反應，帶出人物關係與氛圍的微妙變化。三人第一次相遇到便利店買東西這一段利用人物出畫入畫變化製造某種類似音樂的節拍，簡直是神來之筆。120秒的相遇與離別，結尾停在夕陽映照的石橋靜河的臉真是太美好了～後青春期的詩,4,braxin2007,阿树,4
259,2020-02-09,很喜欢三位主演在舞池里晃荡的段落，因为拍出了真正的临场感，角色那种快乐又不够快乐，不够快乐却又努力让自己快乐的姿态十足地戳人痛处。如果一定要挑剔点儿什么，我最大的不满应该是影像的情绪太过自觉和提前，很多场景明显是先于演员表演、先于情节的组织而释放出来情绪，演员在这些时刻反倒成为了被动的“接收–执行”的工具。★★★☆,4,jinjidexiong,文森Vincent,4
339,2019-04-14,slice of life ★★★★,4,"88439681",qw0aszx,4
363,2019-03-05,And our Birds Can Sleep...,0,babydog,Muyan,4
343,2019-04-11,看完想Nujabes,3,"53557492",张无慢,4
370,2019-04-07,试图寻找披头士元素未果 除了片名之外仅有一处英译台词live and let live对应泡泡的solo单曲的歌词哦；前半以为会走向用夜店蹦迪拍情绪的烂俗路线 后来的发展反倒令我蛮欣喜的 在我看来 影片捕捉的情绪是一种告别庇护之后仍然眷恋任性的感觉 人物摆动在再任性犯一次“错”与接受一种所谓成熟的准则之间 柄本佑这个人物的成长颇耐人寻味 最后他跳出了之前虚假/自设的一种两难抉择（幼稚/任性/被动的等or用类似店长的方式告别）采用一种真正体认到的成熟与责任向女主发出了邀请 ps.全程代入张每羊、丁俊晖、张钧甯的三人行....太像了吧 尤其是染谷将太打台球那场戏......,4,"75473004",番茄杀手,4
318,2019-05-13,将逝将分将隐将离， 虚妄地闭上眼睛， 强忍着踱步在原地， 从任何一个飘过脑海的质数倒数到一。 倏然睁开眼睛， 像大梦初醒， 那瞬间类似于刚抛出的硬币， 是正是反，是悔是续， 已然有了轨迹。 ,4,"56922790",哼哼.floweray,3
398,2019-01-13,特别日常，甚至有些平淡了。其实主角就是另一个店长，这个设定有点像《生人勿进》。,3,colinpark,西帕克,3
271,2019-11-30,青春本质ephemera，不只是作为一个时长整体，而是细分到每一秒、每个瞬间主体与其周遭陷入的情绪与状态都稍纵即逝且悬而未决；在那一刻，我和我身边的你（们）就是宇宙中心，城市则是我们的真空宇宙，万物确凿而神秘，处处暗藏碰撞留下的细微踪迹。于是对青春的描画也只能从中无头无尾地截取片段，佐以相映的城市空间，那些片段无需受到任何道德和逻辑的规训，它们因为短寿而天然美好——最近时常产生这样的感受与感叹，在本片中看到的也是这样的景象：轻盈而真切，三个角色周旋舞蹈，在游离视角中每个人都忽近忽远。两个过分在意的无关紧要的细节：在日本抽什么烟不好，佐知子手边摆着的竟然是American Spirit？静雄那件航天博物馆的古着T恤真好看如何可以拥有？,4,coffinwong,烤芬,3
310,2019-05-18,佐藤泰志笔下的北海道函馆，空荡荡的街，短暂的夏天，宿醉后路边呕吐的凌晨，无所事事的人，像被废弃的荒原，没有凶猛野兽，只有空虚的人，适合loser、废柴们漫无目的地消遣人生，在偶尔的小冲撞里，找到一点爱意和痛感。佐藤泰志改编作品，《海炭市叙景》＞《只在那里发光》＞《你的鸟儿会唱歌》＞《跨越栅栏》，这个片子拍得一般，演员都不错，安藤樱的老公也是一个好演员。,4,veverlee,内陆飞鱼,3
290,2019-07-08,像事先备好歌词的freestyle，看上去随兴但其实是故作姿态，且为了臆想的“自由”拼命把刻意的痕迹藏好。所谓“日本人才能拍出的电影”在我这不成立，“舒服”“合拍”是简单也是无聊（好看的电影往往“不合拍”嘛），“低欲望”体现到电影中反而是集体创作者的软弱和无能，回看滨口龙介的创作方向会觉得他真是优于同辈导演太多,2,"78591451",喂饭,3
286,2019-07-13,啊啊啊喜欢 三个人各自发光 害怕得到和害怕失去都是轻盈的 每个场景都在空空的夜里无限可爱,5,wangzhanhei,小伙队,3
433,2019-05-11,石桥静河要成为各种意义上的霓虹新一代银幕女神了。,3,pirealwei,柯里昂,3
434,2020-01-02,石桥静河好有魅力哦。,4,tongxin17,到里斯本看海,3
420,2019-05-10,《夜以继日》是从第一秒开始就吸引我的电影，而这部电影我看到最后一秒都喜欢不上来，混沌的情感表达我还是更喜欢滨口龙介式的。,3,"137057832",炯之,3
436,2019-05-12,似たような生活してきたな。很纯粹的三人日常，桌球乒乓射靶一条龙的卡拉OK还挺让人怀念的；石桥静河唱歌好听，剧情其实一般吧，拍得蛮动人。日语里把交往途中换男友（女友）称为「乗り替える」，直译为“换乘”，就像坐火车一样；“我”期待通过“换乘”后的佐知子看到一个崭新的她，是不是很像旅人期待在不同的铁路看不同的沿线风景。,4,bearish,风满蜃气楼,3
374,2019-06-09,不求上进的摇滚青年的人生。类似《夜以继日》的情感状态，但故事重点在于特定人群的生活方式，电影准确地捕捉到了他们情感的微妙波动，各种消遣剧情很生活化。染谷将太不管演什么都看着很蔫儿坏，但是靠语调的变化把人物情绪波动演出来了。石桥静河的母亲是出演黑泽明《乱》复仇女的原田美枝子。柄本佑演得最为一般，但如果我是他的话我早抑郁了，有这么厉害的老爹和老婆压力一定很大吧。,4,AngelinaAnne,小A,3
415,2019-07-01,"4.5 #二刷##JFTFP2020# 疲れ果てたあなた 私の幻を愛したの",5,kingofshou,XiaoGu,3
253,2020-04-25,酒吧live那場長得出乎意料，好像拼了命要將這一晚過成一生一樣。值得珍惜的現場和夥伴，搖搖欲墜的青春，天平慢慢地傾斜起來。除了兩次嘗試數數等待之外，“我回來了”、關冰箱、小公園等多次重複出現的場景，也疊加上了微小變量。在了無生氣的日常中，終於有了光。0423CGV명동w/h,3,amouraux,看守煙霧的人,3
366,2019-04-15,#BJIFF# 如果青春有颜色的话，可能蓝色挺合适的。两段数数字尤为喜欢，细想其实是一种很王家卫的东西。映后三宅唱导演说他就想呈现几个年轻人的状态，我就很着迷这种混日子的态度。蛮奇妙的，一个小时前刚和几个高中同学撸串夜聊以后走过北大校园，然后各自道了再见，可能是我想象里青春最好的样子。,4,"80075921",深邃,3
372,2019-02-15,石桥静河怎么和蓝色里相比像是换了一张脸…在这里好甜；卡司太成功了；所有角色的行为线和心理线错落有致，犹豫是开始犹豫也是结束，对于主角来说犹豫是永恒的。,4,grbzywg,儒,3
338,2019-04-14,比夜空蓝要舒服很多，三个人的微妙平衡让人想起《天使的性》。片子的光线运用太舒服了，浓墨重彩的蓝光随意涂抹，最喜欢的是在live house里蓝光倒映三人迷醉蹦迪的那场；以及在KTV里石桥静河站在椅子上唱歌，姿态一往无前，染谷将太看着她眼神千言万语，而歌词也恰巧和他们的境遇对应。不过看的时候心情其实很压抑吧，主角的身份和我自己对照的地方太多了，昼伏夜出闲游浪荡，看的心有戚戚。而人与人之间的相处细节也让我想起一些事，就像被强制按在回忆里溺毙。那些年一起看过的live一起喝的酒还有肆无忌惮的亲昵又浮现出来，让我差点有逃离的冲动。PS 石桥静河脖子上微光细闪的短项链真好看。她把日常女性之美演绎得很出彩，乍看普通细看却越看越耐看，薄薄的肩胛骨和长腿细腰，是我羡慕又求不来的样子啊。,4,EmeraldKinoko,风蚀蘑菇,3
329,2019-05-10,“自由只能通过力学来征服。” 斯特劳布说道。,2,wxwxwx0,醍醐灌饼,3
272,2019-11-30,重看。上映前和三宅唱寒喧，整个过程很自然。说还记得我，感觉也很开心。看完之后，才又意识到眼前的这个人不是普通人，紧张到不知道要说什么是好…,5,huangye3,荒也,3
321,2019-05-12,一直想着 燃烧，特别是跳舞那段,4,kulilin,kulilin,3
421,2019-01-14,将画框紧密收束在三个仿佛是宇宙中心的年轻人身边，再以咫尺之外那些熟悉或陌生的声音来扩展这个封闭自洽，又充满各种可能性的世界。三宅为青春和夏日所选择的表达形式是无比贴切的。,4,pigpearl,VeggieEmpanada,2
429,2018-09-05,みずみずしくて愛おしい。BEST青春映画。,5,huanniaobu,熱珈琲,2
419,2019-04-14,献给平成废物的映画，电影里的每个人都有姓名，即便只是出现几次的打工女孩。是N抛的一代，但也是极度重视友情以及对爱情仍还保有理想的一代，那可能是对我们这一代人最大的救赎。,4,"80894285",Hiroshi,2
414,2019-01-11,#Berlinale69Forum,5,petercat,Peter Cat,2
293,2019-07-05,【第三回看】这电影和我很“合拍”，刚刚好，我现在的处境和它相似（好想看三宅唱的其他作品）,5,guozequanchina,小郭,2
266,2020-01-01,还想其实真的不像今天年轻人的状态，原来是村上那个时代的文本……,0,johnvivi,离净语,2
281,2019-09-14,《夜以继日》里唐田英里佳面瘫得有多么不可方物的美，这部里石桥静河就有灵气的多松弛自然～真的好喜欢这俩新生代啊！啊啊啊啊～,4,yuanzhigao_0,伯樵·阿苏勒,2
409,2019-04-14,BJIFF19 祖与占情结下的日本当代年轻人情感心理状态探究，理想而富于沟通的三人理想关系，适合在电影中展现又贴近真实。非常轻盈的输出，如侯麦又如加瑞尔，三人塑造也非常立体。爱情关系是什么呢？说不清楚，去亲身体验就好了吧。这个日本马思纯小姐姐是完美人设吧，选“猫系男”还是“犬系男”，是不是《夜以继日》的另一面呢,4,Pincent,Pincent,2
294,2019-07-04,“他吧，他是个表里如一的人”。“其实，我刚刚撒谎了，我喜欢你。”，在感情世界里，哪有什么表里如一。如果人生每件事情，都能以默数遂愿，该多好。还是吃不下染谷将太这种人畜无害的颜。,3,hashayaqi,王绛绿,2
291,2019-07-07,特别迷人，是一部有味道、有回甘的电影。关于剧情说不清，就像电影也没给出明确答案。喜欢导演对于细节和气息的捕捉，关于暧昧，关于爱情。女主太有味道了。,4,jinwudu,津五渡,2
350,2019-04-06,【北京电影节展映】互为恋人与朋友的二男一女三角暧昧关系在交往中逐渐倾斜，产生微妙的质变。明明是废柴平淡无奇的日常生活，或狗血无聊的爱情友情桥段，但就是看得津津有味，沉浸其中。或许只有日本导演才能拍出如此和谐得有点怪异的片子，捕捉到生动的细节情感，带给观众神奇的化学反应。石桥静河旁若无人地跳起舞、唱起歌的那一刻，真的很动人。如果电影提前10分钟结束在那个夜晚，我会更中意。,4,longzheking,汪金卫,2
299,2019-06-14,被石桥静河迷倒，喜欢电影里弥漫着的自由、随意、暧昧、颓废、及时行乐的味道。 ,4,prague1968,落地麦子,2
352,2019-04-06,@BJIFF丨梗概：人人都爱石桥静河 观后感：我也爱,4,summerkyu0203,梨子冰冰冰,2
275,2019-11-30,对这部电影有多喜爱，就会对失去的人生有多惋惜。一些本应该发生却未发生的故事，一些本应该相遇却未遇到的人，就像是梦境一般回溯：在便利店的雨夜里一同打闹；围坐在小公寓的桌子前喝酒聊天到深夜；在桌球馆教学、看着你们打乒乓球；在放着Jazz Hip-Hop的酒吧跳舞到天明，再一起回家吃早餐。做一个无所谓的年轻人，打一份无所谓的工，拥有一两个好友，就连在母亲病发的焦虑夜晚也不曾害怕。这样的夏天永远没有结束，因为不曾开始。夜景都拍得太漂亮了！,4,zuosan,仿真男孩哪吒,2
390,2019-01-21,很精彩，非常典型的新浪潮角色设置，并且状态捕捉得非常好。几个演员的演技无可指摘，一些场景借鉴了新浪潮的调度，同时也有自身的巧思蕴含其中。将原著的时间搬到现在，通过视点的切换，生动展现当代年轻人的迷惘、焦虑、孤独与激情。,4,dreamending,王写写,2
322,2019-05-12,又见被抽空环境与线性逻辑的纯情绪表达，所有人物与情节的清淡片段样设置都在为全片连续绵延的情绪做基石和托底，同时舍弃了一切可供更深解读的符号文本，转而更专注地在一个个空无一人的夜晚黎明的大街上以人物运动构合着灯光与天光的色彩为每一次狂欢对应出一种情绪表达影像出口。是的，我想到了一点王家卫。,4,"91041476",西卡里奥,2
389,2019-06-01,三个演员选的真好，日本版祖与占啊。也想在函馆过无聊的日子。,4,MissUnderwater,马戏团,2
388,2019-05-18,很有点看《夜空最大密度的蓝》时那种看着冗长又拖沓，有好多零碎片段漫无目的般的记录；又有似乎挺重要的支线被刻意留白，比如女主和店长的情感关系、比如男主其实还在意着店里的另一个妹子；比如染谷和女主去露营什么的关系是怎么发展起来的也都交代得很少很少；明明是全知的视角甚至一度出现了群像式的“各自的幸福瞬间”的蒙太奇；更使得刻意的留白处显得空荡荡的。看的时候屡屡烦躁起来可是看完却想着想着又哭出来。日影永远在无限接近日常情感微妙波动的那种悬置状态。想要不麻烦的关系，可以在察觉对方的低落时附身亲吻安慰，三个人可以挤在一把透明的小伞底下笑闹却又避免过多干涉彼此的日常的，自由的关系；可摇摇欲坠的平衡散架的一瞬原来还是会觉得疼的；被真实冗长的生活琐碎肢解掉了的狗血，没有大起大落的却还是感受得到的悲伤。,4,"133079542",NANA (:3_ヽ)_,2
325,2019-05-11,半夜的游荡，清晨的街角，来来回回，无所事事，突然而然，在夏天消失之前碰到了一场恋爱，然后继续去喝酒，去玩乐，在半夜游荡，在清晨的街角游荡，仍旧来来回回，仍旧无所事事，也不用因为恋爱而对生活多一些甜言蜜语，就这样，好像夏天是不会结束的。但是，肯定是会结束的吧，在那一刻，我们该怎么来应付它的离开呢？没有办法，大家都不知道，我们是一群没有答案的人。可是夏天结束，夏天总又会再来的，没有解决办法的人还会再次相聚，难道不是吗？难道，不是？啊...原来我还是不知道。 夏天，夏天......,4,"73046958",电个爆炸头,2
385,2019-05-27,庸常生活里的情感乌托邦。当平成年的男孩子说：“你不要像孩子一样幼稚”，一个时代真的结束了。有些时代的过去是轰隆隆的，有些则是静悄悄的。“我还不想走，再陪我一会儿吧”，“青春过去就真的不再回来了吗？”，“不知道啊”。,4,ofcandy,糖罐子,2
334,2019-04-21,情绪与压力在“什么都没有发生”的表面下暗流涌动，一切都是那么平常，但到最后一切都是那么不对头。现在的年轻一代用烟酒吃喝来逃避生活，他们自己也不明白是如何垮掉的,4,IvanLaw7,猫奴十二年,2
362,2019-03-20,感覺從一開始就看到了結局 就怎麼看都和染谷比較配啊 233拍出了一種特別自在沒有邊際的戀愛關係 #hkiff43,4,cyan_xi,Cyan夕,2
376,2019-02-13,三星半。友达以上、恋人未满的状态，在创作中总有极大探讨空间。导演三宅唱在处理这样的关系时，令情感大三角远离狗血，转而与日本的生活环境相结合，和风细雨、恬淡平静。角色任何的选择，都是最合理的情感前进。,4,"1591741",HarperDie,2
377,2019-02-13,染谷将太 让我来绑绑你 你去替我杀人,3,gegejing,咯咯精,2
364,2019-06-20,有如此“轻拢慢捻抹复挑”的爱情、友情的生活大概算不上“丧”吧，真正的“丧”或许应该是“再过春天再过秋天 这里都不会改变”酱。对染谷将太的迷之微笑无感（他的身体和视线分明总是被石桥静河所牵引，但接到哥哥电话后那场眼角闪烁、嘴角似笑非笑戏真的是太出彩了），倒是柄本佑确实将仿佛过度敏感、又似乎“根本没想那么多嘛”的暧昧费解演绎出来了。,4,"47378879",刘二千,2
379,2019-05-13,喜欢这种懒散暧昧的氛围，无所事事的雨夜，喝酒跳舞的年轻人，以虚无主义来掩饰内心的不安，所有的隐秘不可说，不过是在心里暗暗期待着什么。,4,"45430569",Sue,2
347,2019-04-07,柄本佑太丑了 真的太丑了 太丑了,4,tangxinyi96,Blue on Pink,1
346,2019-05-26,没有情感到了空洞的程度，花了太多的时间讲了太少的事，既没有值得一提的闪光点，也没有从大量的生活片段中沉淀出什么。,3,"178348307",骞人,1
392,2019-06-24,函馆真懂电影。,4,bloom_oly,bloom,1
314,2019-05-13,没有原著那么惨烈。ktv里染谷将太的眼神太让人心碎了。 原来快30岁依然能看的进去这种青春文艺啊…,5,i-m17,池松なおみ,1
315,2019-05-13,散文式的青春恋爱小品，节奏很舒服。,4,"88652488",文刀大土申,1
391,2019-05-28,调情戏看得鸟儿真的要唱歌了，导演很坏啊。,4,"44457357",黑狗成,1
317,2019-05-13,从满不在乎到心有所念，从顺其自然到主动争取，爱让我们变得勇敢。,4,jundle,盲忙,1
345,2019-04-08,感觉是《南瓜与蛋黄酱》续集，而且还可以拍很多很多集，内容无非是新新时代的工作、爱情、性、分分合合……悬置判断，铺陈细节。胜在新鲜，输在浅薄。女主最后一脸茫然，堪称新时代的《怎么办》？石桥静河和染谷将太都有着超出年龄的成熟，柄本就差点意思。,3,fengjiansun,风间隼,1
255,2020-02-18,片名来自Beatles的And Your Bird Can Sing（你的鸟都能唱歌了，可你还是不能喜欢我），可以说相当《挪威森林》（好像是个经典误译）了。,4,pigeye,皮革业,1
358,2019-05-11,毫无目的，无欲无求，最后一块净土也只能留在日本。,4,"55937351",药师,1
274,2019-11-22,感覺從一開始就看到了結局 就怎麼看都和染谷比較配啊 233拍出了一種特別自在沒有邊際的戀愛關係 #hkiff43 @2019-03-20 21:45:20,4,"177254768",#Cyan#,1
369,2019-07-27,出奇的好，很多部分几乎是在看自己的生活，尤其是女主在迪厅独自微醺起舞和走在马路上赶电车的两段，仿佛是在凝视投射在银幕上的自己。对年轻人松散、迷茫、流动而试图摆脱负担的状态表现得精准而诗意，关冰箱门太用力被弹开、去够安全套差点翻下床等等...大量细节都写实得趣味盎然，视听语言也纯熟。 （9/10） @小西天,5,sansan-XD,一颗宇宙糖,1
251,2020-03-28,在club摇头晃脑喝酒的三人和不会跳舞的我好像,3,"67262276",MintieGondry,1
383,2020-04-13,情绪体验派电影，这不是在拍故事拍人生了，而是拍一种状态，一种感受；交际的冷感与骤欢的热烈，一切都是自由、随性、疏离、漫无目的的进行着，把现代都市人孤寂落寞与强颜欢笑的状态抓的太准了！主演全部加分…,4,"82325770",Viridiana,1
292,2019-07-07,"2019台北電影節- 頹廢喪青年三人行 改編自第一人稱的小說 但電影視角後面有點混亂了 演員演技自然 屬於日本新一代的慢電影… 有些情節和鏡頭都可以再斟酌… 就整體作品而言 比較喜歡《東京夜空最深藍 [夜空總有最大密度的藍色]》… 本片導演說 人只能活一次 尤其在年輕人身上可以感受到…",3,"35778815",otaku,1
326,2019-05-11,结尾之前的部分都是在复刻新浪潮，当然复刻的很好，结尾才带入了当下语境的解答。三宅唱是个可以期待不过仍需观察的导演，石桥静河不用吹了，演的很好。另外那个店员姑娘蛮好的，查了一下是元T8的山本亜依……完全忘了有这个人,4,Gaarafly,Luka,1
244,2020-10-11,你去和他在一起吧。对不起我说谎了。染谷将太和柄本佑是佛祖和耶稣吧,0,"54056542",张华弥,1
243,2020-10-13,"6分，非常生活流，把信息和情绪都藏到镜头的背后，呈现出的只是三个年轻人日常生活的片段，琐碎而无聊。在这份无聊中，又隐藏着无限的可能性，大概，这便是生活原初的样子吧",3,"2238966",任丘,1
258,2020-02-11,挥霍是奢侈的 更奢侈的是不在意 (石桥静河太灵了！,4,"44987965",Настя,1
386,2019-02-07,三人行不行？,5,heidyxu,Heidyroyal Tea,1
331,2019-07-13,就像坐在路边看了一天的行人.,4,"50627907",昆汀的影子,1
373,2019-04-14,"4.0。",4,luzhiyu,陆支羽,1
333,2019-05-26,入戏的染谷超帅,5,arolcolor,gansen,1
252,2020-07-05,会不会是今年的夏日最佳了？函馆的夏夜晚风啊，就在我的窗外，就在我的楼下，就在我的冰箱里。,4,lemonadeyan,Lemonade+盐,1
384,2019-02-14,"自然、流动、温柔、微妙，免于陈腐的道德观和说教（天知道我有多讨厌这两种东西），导演说In the movie, there are not so many things happened. 但是，情感在流动，关系在变化，青春在流逝，他们在成熟。而这一切都发生在not so many things happened 的这段时间，妙。",4,flora7890,Flora,1
336,2019-04-15,就状态而言其实拍得比夜以继日更有感染力，无需言语、一颦一笑加上数120秒就可以拍出三人行的张力，看完就想赶紧买机票去函馆啊啊啊啊啊啊啊啊,4,shoushouan,大瘦瘦,1
422,2019-01-13,想到了luke老師那篇日記寫的漂浮的愛情。看完覺得石橋靜河這樣的狀態相當迷人於是想到了咖啡時光裡的陽子，發現侯孝賢十幾年前就用更高級的方式把這種觀念與狀態給拍出來了,4,"123294265",一个短篇,1
257,2020-09-14,轻松版祖与占,4,luqy,起床，吃饭,1
423,2020-06-08,"3.5星。好看或是不好看真是說不上來，倒是新一代的日本年輕人還真讓人有點摸不著頭腦，對感情的態度有點難捉摸。這部電影作為「函館第四部曲」，說實在火候有差，但如果脫離掉四部曲的關係，或許還算好看吧。對愛情裡兩人三腳的複雜遊戲，在情感的刻畫方面還算細緻，不過還是沒有太多共鳴。",3,"170176667",這個人,1
269,2019-12-19,无尽的时间和精力没个去处，真好,5,melon-water,water,1
424,2019-05-30,實在太虛無了，但是又有一種似是而非的迷人。年輕真好，浪費時間也快樂。石橋靜河太好了，我願意看她蹦迪蹦一個小時。,4,ananpsc,偏时差,1
341,2019-04-11,北影节 4.11 天幕新彩云,3,"74585793",Fely Ye,1
296,2019-06-19,女主太赞了，跳舞那场戏闪闪发光。,3,xiaomao58,毛香菇,1
425,2018-10-29,原来，自始至终“我”都没有姓名呀。,5,shazhu327,防寒对策,1
298,2019-06-15,只有日本能拍出這種無以名狀的迷離關係吧，霓虹閃爍、濱海深藍，這些專屬日本的形容詞，就連女主角的名字：石橋靜河，也和這部電影契合... . 青春的費洛蒙淬礪在時間的河，汗水淋漓的夏日氣息，彷彿一整個時代的海市蜃樓都在這裡，函館清晨、傍晚的街巷使這些人物發生的小事也有了鑲嵌的支架。,5,"158031162",水原吸管,1
378,2019-08-20,倘若一直如此无所事事的话，每一天的时间都会格外漫长，这样夏天也就永远不会终止了。没有尽头的日子里所有的思绪都与我无关。若有似无的情绪从头到尾都感受得到，在所有人的笑脸后面隐约可见巨大的悲伤。夜晚与清晨的街道，晃动的镜头，他们笑着跳着，直至“夏日”的尾声。结尾真是太美妙了，佐知子左右为难的样子，不就是每一个我和你吗？可以看出一些“我”的“成长”，如果要这么说的话，不再是那样无所谓的样子，也不再等到第120个数，他终于想要什么了。,5,"135908849",Lipsky,1
300,2019-06-04,年轻真好，随性且自由，穷的一逼也无所谓，什么也无所谓,4,ydyie,时间之葬,1
301,2019-05-29,怎么回事觉得石桥静河跟柄本佑配一脸我对不起安藤樱。仨主演闷片互飙演技真是有看头，但石桥静河真棒啊光芒四射了,3,asano,jj73浅之,1
265,2020-01-02,捕捉细微情感,4,ZHDaniel,曳尾于涂,1
279,2019-10-01,"3.5 我总觉得这个夏天像是过不完似的，哪怕过了9月，下一个季节依然离得很远。哪怕身体长大了，离成熟还是很远。",3,vivifyvivi,vivi,1
403,2019-01-13,展现函馆年轻人不用工作无所事事混日子的状态，由函馆社会各界人民集资拍摄倾情出品,3,sdmscuhm,Bla©kie,1
305,2019-05-26,佐藤泰志改编作品里最不阴暗的一部，但夏天却拍出了秋天的感觉，三人欢聚的场面很多，却反衬了人心的疏离和落寞，比比皆是的逆光镜头有种照亮人心的感觉，中和了青春的迷茫和悲伤。已经有四位导演改编过佐藤泰志的小说，三宅唱应该是最不出名的一个，在捕捉人物的微妙情感上却是最厉害的一个。,4,"2101526",楚辛,1
245,2020-08-23,看到一小时还以为是日本《祖与占》，其实并不是。很好的片子，三人在超市里那场戏的场景调度很妙，导演音乐品位也不错，片尾曲赞。,4,tata0820,tata,1
250,2020-03-30,这才是正宗青春片啊！无聊的放空的打桌球的熬夜的唱K的没钱的荷尔蒙和时间一样多的青春啊！再也回不来了。,5,mumudancing,mumudancing,1
273,2019-12-19,暧昧的、夏天的、散发着冰汽水的泡沫与冷气的，属于我们的。,4,"133696853",荷西厌饮,1
354,2019-06-22,借用《祖与占》的人物关系，但人物间的状态又无比轻盈。没有过分的渴求和欲望，情感就在三人间漂浮来去、游离不定。当然，阶段性的倾向是有的，它埋在了生活表层之下一点点，让人隐约可见。就像那几场越来越激烈的活动，女主的站位。怂逼店员的随口表白以及街边情侣的痴缠，也是对人在感情中迷茫状态的补充。影片成败就在这些演员身上，导演挖掘出了演员自由、随性的一面，表演恰如其分。应该是侯孝贤在《最好的时光》里要捕捉到的状态。最后，年轻人愿意走出自己本性一点点，都是难得又美好的啊。,4,juwujian,居无间,1
411,2019-01-12,"2019016 UME。爱情到底是什么呢？或许就是一个什么都不在乎的人开始捍卫，开始吃醋，开始尝试挽回。同样场景的三人行，心绪都发生微妙改变，细腻但似乎也无甚可说。",3,"36810592",NeonBible,1
505,2019-01-19,"",5,"52146626",HellStrange,0
276,2019-10-16,人生中第一次抽电影盲盒，奇妙的体验。导演前途不可限量,4,ricchhard,RIC,0
277,2019-10-16,地下club那场戏真的妙不可言，日本电影新浪潮就这么猝不及防地来了？,4,dyq930211,西奥提奥,0
278,2019-10-02,闪闪发亮的石桥静河，无所事事的三人组，虽然散漫但是青春原初的状态，结尾太赞了，有无尽的可能。另，四宫秀俊这么优秀的摄影连条目都没做进去啊。,0,Mashuqiu,萤,0
280,2019-09-23,又一次爱上石桥静河 想温习夜空总有最大密度的蓝色,5,ccether,当麻♪,0
282,2019-07-27,过3⭐。 和《横道世之介》类似，这种平和到水一般无味、清晨阳光一样清冷的片子，好像只有日本人能够拍的好，台湾拍已经很吃力了，内地要拍，估计恨不得就要狗血撕逼，简直恐怖。 但是日本人天然的耿直和幽默，让这种“三人行爱情”每一刻都自然熨帖，舒心惬意。,3,"70702846",鲜有废客,0
283,2019-07-27,非常适合夏天的电影。一直非常憧憬的函馆夏天，海、坂道、路面电车、港口的摩周丸，还有低斜而明亮的阳光…青春的无所畏惧在四周流动。演员的情绪自然而饱满，尤其结尾数着120下却突然开始奔跑的“我”，是令人忽然心动的爱情片段。,4,owenhoney,番小茄,0
284,2019-07-27,大银幕重看。青春荡漾。,4,fanfouxiong,庆祝无意义,0
285,2019-07-23,@ Japan Society. 当三人片看就错了。内核是成长片。,4,"53297184",SuRReALismMa,0
288,2019-07-09,石桥真适合演这种啊,4,lovepussy,小南玩小南,0
344,2019-04-14,#9thBJIFF#38 通过影像而不是台词（琐碎而没有信息量）来推动情节，女主情感天平的持重和偏斜的过程是观看本片一个不错的切口。,4,"144093424",空地,0
348,2019-04-07,喜欢便利店,4,"53349714",Darjeeling,0
353,2019-10-04,夏天结束了。,3,"63306399",江寒园,0
355,2019-03-31,#HKIFF43#やまなし、オチなし、いみなし。函館の声、聞こえるですが？,5,tatakun,塔塔君Minkun,0
359,2019-04-07,【北影节展映19.04.07】该怎么评价这部电影呢？只能说柄本佑演得真好，染谷将太演得真好，石桥静河演得真好，要是他们仨在一起该多好。,4,christan1987,平成宅叔,0
365,2020-01-12,感觉选角特别厉害？,5,"94859899",surreal park,0
241,2020-11-21,冷知识：蓝色是最温暖的颜色。,4,"149826253",空白岸,0
242,2020-11-21,过于散漫了…,3,"74453715",ztshin,0
246,2020-07-27,有很多让我不适，也觉得不合理的桥段。但或许，正是这些不合理和不适，让我大哭。,4,taguan,古拉格的罐头人,0
247,2020-05-08,好像啥也没干，又好像啥都干了。函馆的夏天也真美。,3,"2594481",气急败坏陳牙齿,0
248,2020-04-24,天呐这故事不就是我一年级第一堂编剧课上交的那个大纲吗哈哈哈哈？在一二线城市三个同居青年晃晃悠悠着，只不过僕是静雄而已。石桥太可以了！,5,chrisocean,海樹,0
249,2020-04-20,天快亮了，但我还不想回家，近期看的情绪最微妙的电影。细碎的情节被统一在幽蓝和庸常里，亲情友情爱情的边界都擦拭，只留几道模糊的印子。原子化的社会里，如此漫不经心又心照不宣的三人行在各种意义上都比《祖与占》更吃我。第一次看夜店戏既看出了勾引又看出了禅意，无性和有性的关系都一样的美好而虚无。唱歌，数数，在理想主义的世界里融化在蓝色的人造月光里,4,"180242703",己註銷,0
254,2020-03-19,对男主接受无能。。,3,"144309115",Metaphor,0
256,2020-02-14,然后我觉得我会成为一个率直的、让人舒适的空气般的男人,0,"1938160",chaos,0
260,2020-02-04,夏天的粘稠感，欲说还休的情意，做爱后的汗滴，挽留时数数的挣扎，一切都刚刚好。喜欢里面的一切声音。,4,"4002268",空山,0
261,2020-01-31,活着真好。,5,niguize,小慌,0
262,2020-01-26,啊沉迷于柄本佑。,5,cryingcatjojo,库索,0
263,2020-04-25,“比较率直的、让人舒适的、空气般的男人。”,4,feiying35,普照,0
267,2019-12-29,"7.5 没有想象（传说）中那么自由轻盈，有几场戏还是挺不错的，可惜被剪辑搞了几下，莫非跳切成了自由的代言词？剧情感觉没因没果，除非日本这一代已经变得这么莫名其妙，不然真看不懂为啥。俩男主一脸欠扁，石桥静河乍看非我杯茶，越看越有火花。",3,"64544029",缺德梅,0
268,2019-12-27,这种感觉和温度的电影好久没有看了，一点也不功利，真实的私密，熟悉的气息，百无聊赖的三人行。,3,melonsa,瓜。相信这个世界很变态。,0
297,2019-06-19,日式新浪潮,3,"35224934",夜舞,0
302,2019-05-29,凌晨看到最终幕时 屏幕的夜览模式时机完美地结束 暖冷色转换间把静河酱的侧脸映照得像个天使。,5,default.aspx,濱口竜介,0
307,2019-05-23,女主好美,5,"4688839",不2金,0
308,2019-05-22,挺一般的小故事，没有那么好的，整体风格还是偏日常，基本表现出平成废物的某些特征：打工、有自己的世界观、某种程度上的宅等等，一直不太喜欢柄本明，他做主角实在太闷了，尤其是这部，染谷将太也一般，细腻有余，剧情不足，不太有耐心继续看下去,3,"46920621",ThrePac,0
309,2019-06-08,北海道新干线宣传片,0,Lolimio,猫助,0
311,2019-05-18,"4星半。",4,"71561935",人渣,0
313,2019-05-13,乒乓球打得不错,0,sadeyes,Blackspirits,0
316,2019-05-13,你的鸟儿会唱歌，她的人生没有错，无用的我看见了天，只在那里发光。,4,petertang,唐朝,0
320,2019-05-13,写意散拍子，爱情小变奏，空气感、酒精味十足，伸出去又抽回来的手，难得的废柴青春片。推荐一下。,4,blueshadow,blueshadow,0
328,2019-05-11,长相平凡的三人被置于这种迷幻（色调/空间/情绪）的环境后竟愈发的迷人，非常喜欢跳舞这一段了，自由、颓废、情欲与占有欲的流动感非常流畅。所有突然其来的感受，大概都可归因于角色的这种只想抓住当下状态最真实的感觉，任性却又莫名的吸引人。色调与画面质感不错，开场还有可口可乐和红帽子。3.5,4,"85368509",阿塔,0
332,2019-12-23,算是get到一直觉得奇怪的染谷将太的魅力了。一开始说“不想关系搞得太复杂”就能做到吗？喜欢你的衬衣是不是可以把后面三个字去掉？我的衬衫控到底是怎么形成的,4,bityet,京极秋彦,0
335,2019-11-02,这种冰箱味道的爱情，让因为没来暖气瑟瑟发抖的自己感到一点快慰。很喜欢对住所味道的挖掘，包含着远胜于嗅觉的感官，有独特气质的朋友与恋人（其实恋人又何尝不是一种朋友呢）。像一个西瓜挖空了瓤的那种圆环，数到120的节奏，都独特得让人合上电影想立即拥抱夏天的大地。,4,"156726538",unidolphie,0
337,2020-05-26,似乎是在冥冥中说着“女性并不存在”,3,"133780848",pendulum_man,0
340,2019-04-12,很动人，极度精准地描绘了一个满是伤痕的时代和一边赚着维持生活最低限度的钱一边正常恋爱生活释放精力大声笑的年轻人。导演足够浪漫，连说人性的自私和脆弱都带着天然之美。另石桥静河这个名字也太好听。,3,yingliang,Virgohi21,0
342,2019-04-11,谁不想逃开现实一点点呢。夏天什么时候来啊～,4,vivianqitong,七瞳,0
367,2019-02-17,"7.8 石桥静河的气质太令人舒服了，剧本很普通，拍得很细腻，看完了让人心情好。",4,"64594935",鲛人河,0
368,2020-09-27,无所谓后的怅然若失 是青春的倔强,4,rizhiyao,同学,0
380,2019-02-17,#Berlinale 2019 今年柏林电影节看的最后一部片子。 青春啊 爱情啊 回不去的夏日啊 戛然而止的记忆啊,4,xxyilun,阿伦和饭师傅,0
381,2019-02-13,ah! Bande a Part!,5,"34347136",郭连凯,0
387,2019-12-09,啊就知道这种正版肯定删减了 气死我了删了四分钟 床戏完全没有 你买人家版权干嘛 恶心人吗 男一这种长相真的是日本特有的一类 从眼睛到整体都很像柴犬 这个角色的设定就是。。。人家女孩压在你身上问你我们就是朋友吗 你嗯哦 还觉得自己很大度让她和男二独处 最后又狂奔去追。。。这种蛋疼的人设么 ed还蛮好听的 书店另一个女店员那条线的存在是什么意思啊 ,0,Jessieliuuu,leoleo,0
402,2019-01-13,日本影展第四部/它真正的迷人之处在于，青春的颓废和慵懒肆意在这个炎热的夏天流淌，它像是透明的流体，带着清凉的薄荷味。迷幻、随性、潮湿，一切都幻化成夏季夜晚的那一阵风那一场雨那一声虫鸣。青春又是那么摇摆不定，这段感情也随着夏天的离去而渐渐消逝。夏天是适合发生一切的季节。风格取胜，故事太平了，而且个人并不喜欢这么混乱的关系，只见颓丧不见颓丧的浪漫和美,3,"136006697",tONy顺仔,0
404,2019-01-13,前后好像是一个轮回,0,milanren,milanren,0
405,2019-01-12,@UME 日本新电影展,0,Queenita,マツダ観に,0
406,2019-04-06,是我是你。@三里屯美嘉,5,zuixiaoe,PierreWongOff,0
408,2019-01-12,函馆祖与占（函馆的夏天是这样的呀 想回去,0,Mathilda,Mathilda,0
412,2019-10-16,"3.5 摇摇晃晃，跌跌撞撞，不愿清醒不愿面对，好似不会结束的迷茫岁月最终还是在脚下碎成满地苍白星光。",4,raquelycidas,Lycidas,0
427,2019-05-25,三个人永远都不可能形成最稳定的关系，不论同性之间还是异性之间。能感受到随性又飘忽的气氛表达，但总觉得还少点什么。石桥静河的美是要慢慢地才能get到的。,3,chunzikb,纯子,0
428,2018-10-14,今年最喜欢的邦画,5,david_xmz,这货是牛奶,0
430,2019-04-15,@moma ,0,duoyun2,朵云,0
431,2019-04-14,函馆三人行 祖与占跨越栅栏 三宅唱 夜空蓝,3,sherry106,冷水浴缸,0
432,2019-04-11,我理解丧片容易在豆瓣比较高分，大家都需要认可和投射嘛；染谷将太再这么迷之微笑的演戏就真的不想看了。,3,"4627124",過期罐頭,0
441,2020-06-21,"",4,xiachaodongzhi,冬至,0
442,2020-05-22,"",0,"3914178",Falstaff,0
443,2020-11-07,"",0,haoayao,蓟川,0
444,2020-05-12,"",3,Naomiwatts-2006,茧.,0
445,2020-04-23,"",4,lydiapy,燕,0
446,2020-04-18,"",3,"76996269",西毛东输,0
447,2020-04-11,"",3,magic828,林愈静,0
448,2020-01-23,"",3,ryazanov,小R,0
449,2020-01-05,"",3,amushi,Amushi,0
450,2019-12-29,"",0,"146406357",虫虫,0
451,2020-03-15,"",0,fotox,战将波舰金,0
452,2019-11-16,"",0,linpengyu,林离,0
453,2019-10-31,"",4,I-222222222222B,形而上学的诗人,0
454,2019-10-09,"",4,SteelZhao,斯丢象,0
455,2019-09-28,"",4,fatiaochengzi19,发条橙子™,0
456,2019-08-17,"",4,mimida,耳田,0
457,2019-07-27,"",0,milukulam,林西拿,0
458,2019-07-23,"",4,shezaizuyi,舌在足矣,0
459,2019-07-22,"",4,"2265139",栗,0
460,2019-07-12,"",4,tiffany33,tifanie,0
461,2019-07-06,"",3,"115641028",史泰登王子迷宫,0
462,2019-06-29,"",4,"3315245",hzezero,0
463,2019-06-28,"",4,byebyebadman,烧炭小五郎,0
464,2019-06-25,"",3,richer725,荔枝超人,0
465,2019-06-10,"",4,billy-the-kid,稔之,0
466,2019-06-08,"",3,kingkongofkhan,kingkongofkhan,0
467,2019-12-08,"",0,loversoha,宋阿曼,0
468,2019-05-31,"",4,"134503218",航海士松毬,0
469,2019-05-30,"",0,xiechunwei,水片,0
470,2019-05-29,"",0,shenfu80,神甫,0
471,2019-05-28,"",4,"120496189",石板栽花,0
472,2019-05-22,"",3,"1912208",Wenqian Li,0
473,2019-05-21,"",3,"58059498",帕拉,0
474,2019-05-18,"",5,latee,楊相機,0
475,2019-05-16,"",3,qiaotaizi,zitsunari,0
476,2019-05-15,"",5,chenchangxing,柏林苍穹下,0
477,2019-05-13,"",3,sinkbridge,Silkbridge,0
478,2019-05-12,"",4,neeplusky,蝉鸣知了,0
479,2019-05-10,"",0,"36842100",除非,0
480,2019-06-08,"",0,nadja,nadja,0
481,2019-04-22,"",4,"152734515",看电影看到死,0
482,2019-04-15,"",4,maybe-stella,飞鸟凉,0
483,2019-04-14,"",4,doloreshaze,csh,0
484,2019-05-12,"",4,otsubaki,小椿山,0
485,2019-04-12,"",3,"7542909",翻滚吧！蛋堡,0
486,2019-04-10,"",4,izhaojingyi,赵景宜,0
487,2019-04-06,"",5,"136593943",OreoOlymLee,0
488,2019-03-21,"",0,xiaojiong,小水,0
489,2019-05-14,"",3,cathyhere,.,0
490,2019-05-11,"",3,"146719312",微笑的カレーニ,0
491,2019-10-02,"",3,gawe,gawe,0
492,2019-05-12,"",0,"84622893",F.X.Jane,0
493,2019-07-09,"",4,"31301735",路米內,0
494,2019-02-04,"",4,"137426958",Ada的B计划,0
495,2020-05-10,"",4,nirvanasky,Song³,0
496,2019-05-11,"",3,"62215499",Tired Hippo,0
497,2019-01-14,"",3,tangweijie,Tyger Tyger,0
498,2018-12-09,"",5,"188459254",RaRaRa,0
499,2019-05-26,"",3,kokomi,kokomi,0
500,2018-10-30,"",5,"2256842",阿花_hana,0
501,2018-09-22,"",3,"65576339",堤,0
502,2019-02-27,"",0,himawarii,ずんだ♪,0
503,2018-09-04,"",5,xxhhcc,xxhhcc,0
504,2019-01-13,"",4,jamie2436,本位,0
270,2019-12-01,不太行，三个没有“质量”的人（石桥稍好）是无法完成引力运动的。,3,"155724326",楚腰纤细掌中轻,0
